{
  "index.md": {
    "mtime": 1775992871.9040334,
    "size": 1818,
    "sha1": "42066c0338bf865c33290478befab8d8cecf7c73"
  },
  "log.md": {
    "mtime": 1775992903.6608768,
    "size": 5556,
    "sha1": "1579208e287ee27c9422088b85df16e44b2c84c1"
  },
  "决策-riskbird_status过滤规则待确认.md": {
    "mtime": 1777210714.7121944,
    "size": 1050,
    "sha1": "7d2a8aecc6d656c74b3367cecceb0d9e3121fa3e"
  },
  "决策-产品召回评审发现-20260412.md": {
    "mtime": 1777210714.7141843,
    "size": 2512,
    "sha1": "4c9d8bbf138013d466dac347c7a675843f153e06"
  },
  "决策-产品召回评审发现.md": {
    "mtime": 1777210714.715185,
    "size": 995,
    "sha1": "d95d70c8fe9315201cb4916355209d1fbfee884a"
  },
  "场景-产品召回列表与详情.md": {
    "mtime": 1777210714.7161837,
    "size": 1784,
    "sha1": "6dc19516575534209bf3f8b23ba0fd33b39b6db2"
  },
  "场景-产品召回列表页.md": {
    "mtime": 1777210714.7181852,
    "size": 1089,
    "sha1": "0bf25a82da5c21e71cf278181e28e1919e46147d"
  },
  "概念-产品召回.md": {
    "mtime": 1777210714.7191875,
    "size": 1330,
    "sha1": "d88eaf4d245c095e6bd0b9083cae1e29cea7af6f"
  },
  "约束-ds_risk_recall表结构.md": {
    "mtime": 1777210714.7211916,
    "size": 1268,
    "sha1": "16bc1712d91e69098fe8a2642947ca99bf637336"
  }
}