{
  "index.md": {
    "mtime": 1777275091.3630176,
    "size": 2465,
    "sha1": "5b2b5750aa94ad37497c1ef0cd581420ccd86887"
  },
  "log.md": {
    "mtime": 1777275091.364017,
    "size": 3372,
    "sha1": "b8cdd0884e7a737fec584064c69daf22a0cc3bfb"
  },
  "决策-侵权软件PRD评审发现.md": {
    "mtime": 1777210714.7266052,
    "size": 294,
    "sha1": "adafbe682f12f6cf140ec6196e8959090d3702cb"
  },
  "决策-侵权软件评审发现.md": {
    "mtime": 1777210880.607372,
    "size": 1460,
    "sha1": "9f81049dbdf7a4e2b3c79ced44aa4673a8bac13c"
  },
  "场景-企业主页侵权软件.md": {
    "mtime": 1777210714.7290254,
    "size": 3236,
    "sha1": "5e3cb5e98996647cd502f441b5e2bb64997b7c2a"
  },
  "场景-企业主页侵权软件模块.md": {
    "mtime": 1777210714.730176,
    "size": 415,
    "sha1": "45997f7e90a7fce2e4f34e83af19d10fb83f0fdb"
  },
  "场景-风险扫描侵权软件.md": {
    "mtime": 1777210880.6114001,
    "size": 1932,
    "sha1": "fd4549f16e26290c0b119c0912868ba01b9b028a"
  },
  "实体-风鸟平台.md": {
    "mtime": 1777210714.7335775,
    "size": 366,
    "sha1": "512404adcac51646e2e584a94aec31b53564d9bc"
  },
  "概念-riskbird_status枚举.md": {
    "mtime": 1777210880.6143913,
    "size": 1198,
    "sha1": "9b1b69bde78ea107110e45fcc7b417f559d3a1ae"
  },
  "概念-侵权软件.md": {
    "mtime": 1777210880.6205983,
    "size": 1612,
    "sha1": "07798648c96085072441a0e1402e8beedc54919b"
  },
  "竞品-企查查-侵权软件.md": {
    "mtime": 1777210880.6254394,
    "size": 984,
    "sha1": "b9964625d0c12493a57ca6d10f19d40cc4e7dcf3"
  },
  "约束-ds_risk_software_infringement_data.md": {
    "mtime": 1777210880.6284354,
    "size": 2668,
    "sha1": "c9d092281eb6eb98835d5a3894ee921f5a4afd1b"
  },
  "约束-ds_risk_software_infringement_data表结构.md": {
    "mtime": 1777210714.7382247,
    "size": 322,
    "sha1": "1925d3a9a5893f2bd8a75c4d3b475389b6768bb9"
  }
}