{
  "index.md": {
    "mtime": 1777386592.700825,
    "size": 1571,
    "sha1": "8e710fa6b3209e040cd52f8f046ce292672a531d"
  },
  "log.md": {
    "mtime": 1777386592.7028036,
    "size": 658,
    "sha1": "8ed598e8ec75d441655f64ea77c8d6a9f0449d98"
  },
  "决策-UI四态规范.md": {
    "mtime": 1777386592.70981,
    "size": 864,
    "sha1": "307073949907c7d9d978f39d5679b49a162a3797"
  },
  "决策-公告内容脱敏方式.md": {
    "mtime": 1777386592.7108204,
    "size": 808,
    "sha1": "b8808594f74db975e7b7801e764a24fc1c30711a"
  },
  "决策-字段来源优先级.md": {
    "mtime": 1777386592.7139528,
    "size": 885,
    "sha1": "ba8af70475d1be1f873a8e2f556a6003f8ceadb3"
  },
  "决策-移动端筛选差异化.md": {
    "mtime": 1777386592.7128375,
    "size": 705,
    "sha1": "5ae780026d64b9866c09dcd277eab51d3c40c89e"
  },
  "概念-筛选规则.md": {
    "mtime": 1777386592.704801,
    "size": 825,
    "sha1": "c304532b433153adf61bcd6c0790771163c224ca"
  },
  "概念-脱敏规则.md": {
    "mtime": 1777386592.7058015,
    "size": 788,
    "sha1": "1fa961932c58c6135b3d96c20ed9c124f114d320"
  },
  "约束-ds_risk_labour_arbitration.md": {
    "mtime": 1777386592.7159584,
    "size": 1089,
    "sha1": "6efd0f7acb5a11acd74fd0a09d04b65648dfa6aa"
  },
  "约束-ds_risk_labour_arbitration_ent.md": {
    "mtime": 1777386592.7169862,
    "size": 1202,
    "sha1": "c32a89be618b208f14d5880d94ba9f0b867dc9bf"
  }
}