{
  "index.md": {
    "mtime": 1775990480.0052948,
    "size": 1307,
    "sha1": "b7b998ba7c361037c055230572b4f43a1d933112"
  },
  "log.md": {
    "mtime": 1775992598.621646,
    "size": 2914,
    "sha1": "99509553a92d778fdbb0f2b5ad31b883e0062ce0"
  },
  "决策-纳税人资质评审发现.md": {
    "mtime": 1777210714.8023508,
    "size": 1746,
    "sha1": "b80f538fe00da6f09c33b484a3c79a25593c5768"
  },
  "场景-企业主页纳税人资质展示.md": {
    "mtime": 1777210714.8033366,
    "size": 360,
    "sha1": "1b27fd1bf435297e65e10d71c42562d336b7634f"
  },
  "场景-企业主页纳税人资质模块.md": {
    "mtime": 1777210714.8053021,
    "size": 2907,
    "sha1": "cd7c48d9c5f2ad1b2822a9914c654f0e98a51721"
  },
  "概念-stype枚举映射.md": {
    "mtime": 1777210714.8063045,
    "size": 642,
    "sha1": "2ef0110270d81a5e66ae61dd81a66558e884f134"
  },
  "概念-数据导出规范.md": {
    "mtime": 1777210714.807299,
    "size": 744,
    "sha1": "78e3fac54f009b8d62bf2af9e663375e88a53440"
  },
  "概念-纳税人资质.md": {
    "mtime": 1777210714.8082983,
    "size": 2184,
    "sha1": "a729be7114ce77a4a17540ede7c43bbd47219f02"
  },
  "约束-ds_company_tax_state表结构.md": {
    "mtime": 1777210714.8092976,
    "size": 1585,
    "sha1": "04b22319ce6ac0afbbf4cef20e1cb01f9be2ab96"
  },
  "约束-t_ds_aggre_tags表结构.md": {
    "mtime": 1777210714.8102996,
    "size": 889,
    "sha1": "1cc203ba816bc5f7dd6c75df9c2438ee2b761dc0"
  },
  "约束-企业标签展示规范.md": {
    "mtime": 1777210714.8113406,
    "size": 1028,
    "sha1": "8c2051fb1fee894f2856ed67ece8154ed5fa6168"
  },
  "约束-企业标签表结构.md": {
    "mtime": 1777210714.812337,
    "size": 1467,
    "sha1": "925aabcff22e7edbf722ff3055000fc4127f3235"
  }
}