{
  "index.md": {
    "mtime": 1776574033.423251,
    "size": 7832,
    "sha1": "2475a58e937e390992dc84d0e8ee10dfdc822db8"
  },
  "log.md": {
    "mtime": 1776574033.4242482,
    "size": 5570,
    "sha1": "1f28afdec06db7d6186690e5db67bf6fdb057fd3"
  },
  "决策-FR 与技术约定的联动检查.md": {
    "mtime": 1777210714.7425537,
    "size": 818,
    "sha1": "b69b111ca3afa9badb3174b16a5ed7bec1c32757"
  },
  "决策-伪代码字段验证规则.md": {
    "mtime": 1777210714.7435617,
    "size": 790,
    "sha1": "9eca67c825fd613c998bfd877cc02a2f3cc5fbfb"
  },
  "决策-功能需求与技术约定的对应性缺陷.md": {
    "mtime": 1777210714.7449903,
    "size": 890,
    "sha1": "a7c2c62c327e71dd09f053fb8904506c7dc22e07"
  },
  "决策-后端接口型 PRD 易漏接口契约定义.md": {
    "mtime": 1777210714.746087,
    "size": 873,
    "sha1": "53341b0876747342dacf2b31f9bfa584c4dd743c"
  },
  "决策-字段映射规则容易重复识别同一问题.md": {
    "mtime": 1777210714.7476077,
    "size": 799,
    "sha1": "b9e48c81fd0e046c402bc85fb31949bb65189b0f"
  },
  "决策-并行评审后的漏报补充概率.md": {
    "mtime": 1777210714.7481372,
    "size": 844,
    "sha1": "8da997b97da6c13c0a8280aa1b82aa3432f0d9f0"
  },
  "决策-数据源定义中的类型一致性检查.md": {
    "mtime": 1777210714.7491796,
    "size": 858,
    "sha1": "402cae96f13761f3cd624832c3a771c4dfc8f8bd"
  },
  "决策-数据源定义易出现类型矛盾.md": {
    "mtime": 1777210714.751587,
    "size": 870,
    "sha1": "095a8eb59b4965d8b02d473e61b9a58347b60b01"
  },
  "决策-混合数据源 PRD 的一致性漏报风险.md": {
    "mtime": 1777210714.753058,
    "size": 836,
    "sha1": "46c4a934e606d50ab831a3ffa5d9951f989cfe9d"
  },
  "决策-版本号一致性检查点（结构层）.md": {
    "mtime": 1777210714.7550943,
    "size": 763,
    "sha1": "6d462d94672ffd8b325e6925bacf1b6b246db563"
  },
  "决策-生产数据库地址暴露规范.md": {
    "mtime": 1777210714.7566688,
    "size": 1245,
    "sha1": "a44ae70c6e4ccf4e3a0f67c03c0032a37e57f26e"
  },
  "决策-直接投资持股合计字段映射.md": {
    "mtime": 1777210714.7571938,
    "size": 1339,
    "sha1": "4ef86eb8d18c4333a5aec4d0ccaa8eb0bdb6181b"
  },
  "决策-移动端保留认缴出资额.md": {
    "mtime": 1777210714.7587748,
    "size": 1204,
    "sha1": "e71acf9380499c102bc40897be236be1620e274e"
  },
  "决策-股权链展示上限.md": {
    "mtime": 1777210714.7592833,
    "size": 760,
    "sha1": "c7dda7497efad5349736b7d95079e9c894a4cfe5"
  },
  "场景-对外投资列表浏览与筛选.md": {
    "mtime": 1777210714.7602937,
    "size": 2420,
    "sha1": "cd4ed1e7ce5114df215a77d440a5a57022684a17"
  },
  "场景-对外投资筛选逻辑.md": {
    "mtime": 1777210714.761295,
    "size": 404,
    "sha1": "caa5764646d61a9aeb7b0fbacbe1f5c2870cbdc7"
  },
  "场景-投资详情弹窗.md": {
    "mtime": 1777210714.7622948,
    "size": 386,
    "sha1": "a556c0e1444eea322eea628730544c7e49903353"
  },
  "场景-直接投资列表页.md": {
    "mtime": 1777210714.763292,
    "size": 1706,
    "sha1": "fb46d136acff2d4acd92733986525b55005911e5"
  },
  "场景-间接投资列表页.md": {
    "mtime": 1777210714.7642927,
    "size": 1387,
    "sha1": "d03eb78bb39701bc0b7a9cf81c4ad9a583004467"
  },
  "实体-对外投资模块的核心数据关系.md": {
    "mtime": 1777210714.7652915,
    "size": 778,
    "sha1": "5209fbc04d316b138042f4c68e6e991f8d5d7291"
  },
  "实体-对外投资模块的核心数据实体.md": {
    "mtime": 1777210714.7672925,
    "size": 702,
    "sha1": "cae4263e730abe489466fa8618191dfbba61a27c"
  },
  "实体-对外投资模块：多数据源架构.md": {
    "mtime": 1777210714.7682927,
    "size": 846,
    "sha1": "1d87cb2fdf9882444e359996db21bdf443b8c30c"
  },
  "实体-对外投资的关键约束条件.md": {
    "mtime": 1777210714.7702978,
    "size": 672,
    "sha1": "94d5a41a44c344007e853c36ff454ec0d5e481f8"
  },
  "实体-投资管理模块的标准功能流程.md": {
    "mtime": 1777210714.7722988,
    "size": 750,
    "sha1": "7beb8ba60a9236107cef98b28a487f3048ec007d"
  },
  "实体-投资类 PRD 的数据源特性.md": {
    "mtime": 1777210714.773296,
    "size": 816,
    "sha1": "36b61e859ca6ca9c9f1ba15753f7058b139f05d3"
  },
  "实体-混合数据源的集成路由模式.md": {
    "mtime": 1777210714.774295,
    "size": 785,
    "sha1": "eb8fa05551efc81432a3900c85bf00b16ef02570"
  },
  "概念-default 审阅人的 must 级关注维度.md": {
    "mtime": 1777210714.7752926,
    "size": 780,
    "sha1": "b65fd4f70454dc81233626e05cb7a4ecbfcd4ffe"
  },
  "概念-default 评审人的严格度等级.md": {
    "mtime": 1777210714.7775323,
    "size": 689,
    "sha1": "4c7797bb545ad777579f3de59b51bb65e886da94"
  },
  "概念-xinshu 评审偏好：结构严谨性优先.md": {
    "mtime": 1777210714.7785456,
    "size": 827,
    "sha1": "870e6eebb142b565787830790b43e2a0a823170c"
  },
  "概念-交叉校验（苍鹰）的重点方向.md": {
    "mtime": 1777210714.77954,
    "size": 900,
    "sha1": "bcfc8faf58a12185ba3735eea697c4d3b719b8cb"
  },
  "概念-元评审者（Opus）的交叉校验聚焦.md": {
    "mtime": 1777210714.77954,
    "size": 733,
    "sha1": "fbf3061b6eafaf1811fb590eb8401e79beecad59"
  },
  "概念-对外投资.md": {
    "mtime": 1777210714.7805488,
    "size": 1736,
    "sha1": "f5d502994b41cf320d5adeab9265a4fba9f5fdb4"
  },
  "概念-对外投资PRD的重点审阅维度.md": {
    "mtime": 1777210714.781548,
    "size": 687,
    "sha1": "aa3bb080d8de81aec28150fc1240a56a17ce0117"
  },
  "概念-持股合计.md": {
    "mtime": 1777210714.783553,
    "size": 1289,
    "sha1": "8c30a81123ae6e7c439ed5fa432c9e2de5ecb2f3"
  },
  "概念-苍鹰交叉校验的关键检查点.md": {
    "mtime": 1777210714.7855496,
    "size": 741,
    "sha1": "242913957995f5414532ee15aa83316cf52dd907"
  },
  "概念-间接投资持股计算.md": {
    "mtime": 1777210714.787133,
    "size": 403,
    "sha1": "b03684281837c442374d38ec24ffcf5c5be522af"
  },
  "竞品-企查查-对外投资.md": {
    "mtime": 1777210714.7892015,
    "size": 832,
    "sha1": "ac03ab5c133c83de7b92e076d07cd22e4cb16baf"
  },
  "约束-ds_company_discover_invest表结构.md": {
    "mtime": 1777210714.7916925,
    "size": 2089,
    "sha1": "1b0cd61949feff2425bab0a23d663a1d35530e2e"
  },
  "约束-ds_invest_alpha表结构.md": {
    "mtime": 1777210714.7927432,
    "size": 1498,
    "sha1": "c3ee18a85c0f61e9a5bcef17953f89cf37618c16"
  },
  "约束-t_ds_company_basic表结构.md": {
    "mtime": 1777210714.793757,
    "size": 1404,
    "sha1": "3986c5b00e56248591e2607eab52f242ccce8a24"
  },
  "约束-对外投资DDL.md": {
    "mtime": 1777210714.7947364,
    "size": 3015,
    "sha1": "79e08a192d025e2d94ae86f9f69343ee41ecdec4"
  },
  "约束-对外投资数据库连接.md": {
    "mtime": 1777210714.7952893,
    "size": 2115,
    "sha1": "68e9b7964cdd58a4397b21e7a1ee44fc88a59287"
  },
  "约束-对外投资跨表关系.md": {
    "mtime": 1777210714.7963717,
    "size": 5628,
    "sha1": "2899c04694a852a5a4c1835dfee546db88a085b3"
  },
  "约束-技术约定基础路径：_api_v1.md": {
    "mtime": 1777210714.7973504,
    "size": 619,
    "sha1": "2eaeb8d7dcfe2fbe1e4d2093b5e38b915e139879"
  },
  "约束-投资数据源和 API 基础约定.md": {
    "mtime": 1777210714.7983317,
    "size": 721,
    "sha1": "a5dbb3d243024c4492b385c85db1d6aa4ca2b3ef"
  },
  "约束-评审规则编号体系映射.md": {
    "mtime": 1777210714.7993329,
    "size": 738,
    "sha1": "6809235efa50b8503dc83b94de14bacf6081fb04"
  }
}